{
    "rmse": 12.673975921136433,
    "mae": 8.747326520688766,
    "r2": 0.9702998922772056
}