{
    "rmse": 12.497186961325378,
    "mae": 8.083579159202223,
    "r2": 0.9677709028220333
}